{"access_token": "ya29.GluaBU3ikkI61fMEPqSpb9CaBOaD8mx3asLYEuPYKfYkrhP5-1qN8nrn_VUO98dHXOwnqq8j4y7wNNVMNqsEoP0RDYRXGgWB2dozYnDhF_GG-eU7QDT92KtNMNbY", "client_id": "672956829580-8i6h8lhfg7lu4rprnl7kgpejitb6e6cu.apps.googleusercontent.com", "client_secret": "MPZCToNHclx2JZhiB6t-sZt1", "refresh_token": "1/RwApkORDvyMKMDljwv6z6-voB_xavOfaa8hUM1ArEDw", "token_expiry": "2018-04-11T01:08:22Z", "token_uri": "https://accounts.google.com/o/oauth2/token", "user_agent": "SpatialGuide", "revoke_uri": "https://accounts.google.com/o/oauth2/revoke", "id_token": null, "id_token_jwt": null, "token_response": {"access_token": "ya29.GluaBU3ikkI61fMEPqSpb9CaBOaD8mx3asLYEuPYKfYkrhP5-1qN8nrn_VUO98dHXOwnqq8j4y7wNNVMNqsEoP0RDYRXGgWB2dozYnDhF_GG-eU7QDT92KtNMNbY", "expires_in": 3600, "token_type": "Bearer"}, "scopes": ["https://www.googleapis.com/auth/drive"], "token_info_uri": "https://www.googleapis.com/oauth2/v3/tokeninfo", "invalid": false, "_class": "OAuth2Credentials", "_module": "oauth2client.client"}